#CHROM	POS	REF	ALT	QUAL	FILTER	GENOTYPE	COVERAGE	FUNCTIONAL_CLASS	HGVS	EXOMISER_GENE	CADD(>0.483)	POLYPHEN(>0.956|>0.446)	MUTATIONTASTER(>0.94)	SIFT(<0.06)	REMM	DBSNP_ID	MAX_FREQUENCY	DBSNP_FREQUENCY	EVS_EA_FREQUENCY	EVS_AA_FREQUENCY	EXAC_AFR_FREQ	EXAC_AMR_FREQ	EXAC_EAS_FREQ	EXAC_FIN_FREQ	EXAC_NFE_FREQ	EXAC_SAS_FREQ	EXAC_OTH_FREQ	EXOMISER_VARIANT_SCORE	EXOMISER_GENE_PHENO_SCORE	EXOMISER_GENE_VARIANT_SCORE	EXOMISER_GENE_COMBINED_SCORE	CONTRIBUTING_VARIANT
22	41155018	C	T	100.0	inheritance	0/1:0/0:0/1	0	stop_gained	EP300:ENST00000263253.9:c.3166C>T:p.(Gln1056*)	EP300	0.9998741	.	1.0	.	.	rs1601623271	0.0	.	.	.	.	.	.	.	.	.	.	1.0	0.41975963	0.0	1.3301251E-4	.
1	16232263	G	A	47.4	inheritance	0/1:0/0:0/1	0	missense_variant	CPLANE2:ENST00000375599.8:c.562C>T:p.(Arg188Trp)	CPLANE2	0.99563485	0.394	0.965204	0.971	.	rs571056693	0.01997	0.01997	.	.	.	.	.	.	0.009311333	.	.	0.992917	0.40165085	0.0	1.1019308E-4	.
19	11033439	C	T	47.8	inheritance	0/1:0/0:0/1	0	synonymous_variant	SMARCA4:ENST00000344626.9:c.3696C>T:p.(=)	SMARCA4	0.9922375	.	.	.	.	rs537004254	0.01997	0.01997	.	.	.	.	.	.	.	.	.	0.98952895	0.3911959	0.0	9.884682E-5	.
10	95684595	A	G	53.6	inheritance	0/1:0/0:0/1	0	synonymous_variant	TCTN3:ENST00000265993.13:c.1053T>C:p.(=)	TCTN3	0.9308169	.	.	.	.	rs549194555	0.01997	0.01997	.	.	.	.	.	.	0.0015014564	.	.	0.92827594	0.38727182	0.0	9.4896466E-5	.
12	12130897	G	GA	44.3	inheritance	0/1:0/0:0/1	0	splice_region_variant	LRP6:ENST00000261349.9:c.3971-5_3971-4insT:p.?	LRP6	0.8424567	.	.	.	.	rs754240736	0.0485	.	0.0485	0.0469	.	.	.	.	.	.	.	0.8367909	0.36265966	0.0	7.3477306E-5	.
16	89808371	AAAAAC	A	36.0	inheritance	0/1:0/0:0/1	0	splice_region_variant	FANCA:ENST00000389301.8:c.523-9_523-5del:p.?	FANCA	0.87046117	.	.	.	.	rs755643283	0.011919661	.	.	.	.	0.008677542	.	.	0.001505616	.	.	0.8690486	0.35151672	0.0	6.544167E-5	.
1	11253872	G	A	47.3	inheritance	0/1:0/0:0/1	0	synonymous_variant	MTOR:ENST00000361445.9:c.807C>T:p.(=)	MTOR	0.8353734	.	.	.	.	rs528524512	0.038711213	0.01997	.	.	.	0.017274141	.	.	0.0014983518	.	.	0.8309112	0.34582052	0.0	6.1679624E-5	.
4	46475066	C	T	55.1	inheritance	0/1:0/0:0/1	0	splice_donor_variant	GABRA2:ENST00000510861.5:c.-11+1G>A:p.(=)	GABRA2	0.9712922	.	.	.	.	rs532022892	0.01997	0.01997	.	.	.	.	.	.	.	.	.	0.9972702	0.32471552	0.0	4.9530558E-5	.
11	114250366	C	G	49.8	inheritance	0/1:0/0:0/1	0	synonymous_variant	ZBTB16:ENST00000335953.9:c.1833C>G:p.(=)	ZBTB16	0.99241424	.	.	.	.	rs532283203	0.01997	0.01997	.	.	.	.	.	.	.	.	.	0.98970515	0.32397243	0.0	4.9149472E-5	.
9	120415090	T	G	37.9	inheritance	0/1:0/0:0/1	0	missense_variant	CDK5RAP2:ENST00000349780.9:c.4247A>C:p.(Asn1416Thr)	CDK5RAP2	0.99795824	0.999	0.96683	1.0	.	rs539439151	0.01997	0.01997	.	.	.	.	.	.	0.0029973325	.	.	0.9972702	0.3155814	0.0	4.5044442E-5	.
19	38729097	C	T	51.4	inheritance	0/1:0/0:0/1	0	synonymous_variant	ACTN4:ENST00000252699.7:c.2520C>T:p.(=)	ACTN4	0.697657	.	.	.	.	rs372396071	0.03994	0.03994	0.0116	.	0.009686168	.	.	.	0.024271108	.	.	0.69380975	0.31235063	0.0	4.3556927E-5	.
19	33387892	C	T	43.8	inheritance	0/1:0/0:0/1	0	missense_variant	PEPD:ENST00000244137.12:c.1342G>A:p.(Gly448Arg)	PEPD	0.99661154	1.0	1.0	1.0	.	rs121917724	0.02698327	0.01997	.	.	.	.	.	.	0.02698327	.	.	1.0	0.3067027	0.0	4.1073527E-5	.
11	27368638	T	C	55.0	inheritance	0/1:0/0:0/1	0	synonymous_variant	LGR4:ENST00000379214.9:c.2085A>G:p.(=)	LGR4	0.97007734	.	.	.	.	rs561587043	0.01997	0.01997	.	.	.	.	0.011563367	.	0.0015006904	.	.	0.9674292	0.30379093	0.0	3.984905E-5	.
11	1182814	G	A	15.5	inheritance	0/1:0/0:0/1	0	missense_variant	MUC5AC:ENST00000621226.2:c.4669G>A:p.(Ala1557Thr)	MUC5AC	0.9659592	.	.	.	.	rs879153734	0.0	.	.	.	.	.	.	.	.	.	.	0.9659592	0.2898865	0.0	3.448672E-5	.
11	1182851	C	T	19.2	inheritance	0/1:0/0:0/1	0	missense_variant	MUC5AC:ENST00000621226.2:c.4706C>T:p.(Pro1569Leu)	MUC5AC	0.8345754	.	.	.	.	rs878901958	0.0	.	.	.	.	.	.	.	.	.	.	0.8345754	0.2898865	0.0	3.448672E-5	.
11	1182855	G	T	25.2	inheritance	0/1:0/0:0/1	0	synonymous_variant	MUC5AC:ENST00000621226.2:c.4710G>T:p.(=)	MUC5AC	0.0048237443	.	.	.	.	rs879181541	0.0	.	.	.	.	.	.	.	.	.	.	0.0048237443	0.2898865	0.0	3.448672E-5	.
11	1183358	T	C	26.6	inheritance	0/1:0/0:0/1	0	missense_variant	MUC5AC:ENST00000621226.2:c.5213T>C:p.(Leu1738Pro)	MUC5AC	0.9110799	.	.	.	.	rs879118927	0.0	.	.	.	.	.	.	.	.	.	.	0.9110799	0.2898865	0.0	3.448672E-5	.
11	1183369	A	G	25.9	inheritance	0/1:0/0:0/1	0	missense_variant	MUC5AC:ENST00000621226.2:c.5224A>G:p.(Asn1742Asp)	MUC5AC	0.22731942	.	.	.	.	rs878859236	0.0	.	.	.	.	.	.	.	.	.	.	0.22731942	0.2898865	0.0	3.448672E-5	.
11	1183472	G	A	31.3	inheritance	0/1:0/0:0/1	0	missense_variant	MUC5AC:ENST00000621226.2:c.5327G>A:p.(Ser1776Asn)	MUC5AC	0.75778556	.	.	.	.	rs1313976795	0.0	.	.	.	.	.	.	.	.	.	.	0.75778556	0.2898865	0.0	3.448672E-5	.
11	1183604	G	A	13.3	inheritance	0/1:0/0:0/1	0	missense_variant	MUC5AC:ENST00000621226.2:c.5459G>A:p.(Arg1820Gln)	MUC5AC	0.96335626	.	.	.	.	rs878949904	0.0	.	.	.	.	.	.	.	.	.	.	0.96335626	0.2898865	0.0	3.448672E-5	.
11	1183769	A	G	35.1	inheritance	0/1:0/0:0/1	0	missense_variant	MUC5AC:ENST00000621226.2:c.5624A>G:p.(Gln1875Arg)	MUC5AC	0.7007046	.	.	.	.	rs74196458	0.0	.	.	.	.	.	.	.	.	.	.	0.7007046	0.2898865	0.0	3.448672E-5	.
11	1183837	C	A	6.4	inheritance	0/1:0/0:0/1	0	missense_variant	MUC5AC:ENST00000621226.2:c.5692C>A:p.(Pro1898Thr)	MUC5AC	0.6162927	.	.	.	.	rs1379396838	0.0	.	.	.	.	.	.	.	.	.	.	0.6162927	0.2898865	0.0	3.448672E-5	.
11	1183901	C	T	17.3	inheritance	0/1:0/0:0/1	0	missense_variant	MUC5AC:ENST00000621226.2:c.5756C>T:p.(Pro1919Leu)	MUC5AC	0.9400209	.	.	.	.	rs1284670614	0.0	.	.	.	.	.	.	.	.	.	.	0.9400209	0.2898865	0.0	3.448672E-5	.
11	1183926	G	A	22.4	inheritance	0/1:0/0:0/1	0	synonymous_variant	MUC5AC:ENST00000621226.2:c.5781G>A:p.(=)	MUC5AC	0.100916564	.	.	.	.	rs1422036505	0.0	.	.	.	.	.	.	.	.	.	.	0.100916564	0.2898865	0.0	3.448672E-5	.
11	1184488	A	G	27.8	inheritance	0/1:0/0:0/1	0	missense_variant	MUC5AC:ENST00000621226.2:c.6343A>G:p.(Asn2115Asp)	MUC5AC	0.013266206	.	.	.	.	rs1365388725	0.0	.	.	.	.	.	.	.	.	.	.	0.013266206	0.2898865	0.0	3.448672E-5	.
11	1184516	C	A	21.6	inheritance	0/1:0/0:0/1	0	missense_variant	MUC5AC:ENST00000621226.2:c.6371C>A:p.(Thr2124Lys)	MUC5AC	0.8315388	.	.	.	.	rs1201547484	0.0	.	.	.	.	.	.	.	.	.	.	0.8315388	0.2898865	0.0	3.448672E-5	.
11	1184544	C	T	21.3	inheritance	0/1:0/0:0/1	0	synonymous_variant	MUC5AC:ENST00000621226.2:c.6399C>T:p.(=)	MUC5AC	2.3025274E-4	.	.	.	.	rs1292150048	0.0	.	.	.	.	.	.	.	.	.	.	2.3025274E-4	0.2898865	0.0	3.448672E-5	.
11	1184723	G	A	23.5	inheritance	0/1:0/0:0/1	0	missense_variant	MUC5AC:ENST00000621226.2:c.6578G>A:p.(Arg2193Gln)	MUC5AC	0.96603745	.	.	.	.	rs878932837	0.0	.	.	.	.	.	.	.	.	.	.	0.96603745	0.2898865	0.0	3.448672E-5	.
11	1184798	A	G	38.4	inheritance	0/1:0/0:0/1	0	missense_variant	MUC5AC:ENST00000621226.2:c.6653A>G:p.(Lys2218Arg)	MUC5AC	0.09008676	.	.	.	.	rs1245151647	0.0	.	.	.	.	.	.	.	.	.	.	0.09008676	0.2898865	0.0	3.448672E-5	.
11	1185584	C	T	30.6	inheritance	0/1:0/0:0/1	0	missense_variant	MUC5AC:ENST00000621226.2:c.7439C>T:p.(Ala2480Val)	MUC5AC	0.81911606	.	.	.	.	rs1403452853	0.0	.	.	.	.	.	.	.	.	.	.	0.81911606	0.2898865	0.0	3.448672E-5	.
11	1186818	T	C	29.2	inheritance	0/1:0/0:0/1	0	synonymous_variant	MUC5AC:ENST00000621226.2:c.8673T>C:p.(=)	MUC5AC	0.55311066	.	.	.	.	rs1350264670	0.0	.	.	.	.	.	.	.	.	.	.	0.55311066	0.2898865	0.0	3.448672E-5	.
11	1187320	A	G	42.9	inheritance	0/1:0/0:0/1	0	missense_variant	MUC5AC:ENST00000621226.2:c.9175A>G:p.(Ser3059Gly)	MUC5AC	0.9421904	.	.	.	.	rs1222080419	0.0	.	.	.	.	.	.	.	.	.	.	0.9421904	0.2898865	0.0	3.448672E-5	.
11	1188020	G	A	27.8	inheritance	0/1:0/0:0/1	0	missense_variant	MUC5AC:ENST00000621226.2:c.9875G>A:p.(Arg3292His)	MUC5AC	0.5879025	.	.	.	.	rs1554928444	0.0	.	.	.	.	.	.	.	.	.	.	0.5879025	0.2898865	0.0	3.448672E-5	.
11	1188357	C	T	42.5	inheritance	0/1:0/0:0/1	0	synonymous_variant	MUC5AC:ENST00000621226.2:c.10212C>T:p.(=)	MUC5AC	0.637757	.	.	.	.	rs1466012270	0.0	.	.	.	.	.	.	.	.	.	.	0.637757	0.2898865	0.0	3.448672E-5	.
11	1188446	C	T	40.8	inheritance	0/1:0/0:0/1	0	missense_variant	MUC5AC:ENST00000621226.2:c.10301C>T:p.(Pro3434Leu)	MUC5AC	0.95860004	.	.	.	.	rs1269243287	0.0	.	.	.	.	.	.	.	.	.	.	0.95860004	0.2898865	0.0	3.448672E-5	.
11	1188726	C	A	10.7	inheritance	0/1:0/0:0/1	0	synonymous_variant	MUC5AC:ENST00000621226.2:c.10581C>A:p.(=)	MUC5AC	2.3025274E-4	.	.	.	.	rs1384018709	0.0	.	.	.	.	.	.	.	.	.	.	2.3025274E-4	0.2898865	0.0	3.448672E-5	.
11	1188729	A	G	10.3	inheritance	0/1:0/0:0/1	0	synonymous_variant	MUC5AC:ENST00000621226.2:c.10584A>G:p.(=)	MUC5AC	0.59045655	.	.	.	.	rs1161621512	0.0	.	.	.	.	.	.	.	.	.	.	0.59045655	0.2898865	0.0	3.448672E-5	.
11	1188859	A	G	16.7	inheritance	0/1:0/0:0/1	0	missense_variant	MUC5AC:ENST00000621226.2:c.10714A>G:p.(Lys3572Glu)	MUC5AC	0.8777075	.	.	.	.	rs1361954623	0.0	.	.	.	.	.	.	.	.	.	.	0.8777075	0.2898865	0.0	3.448672E-5	.
11	1188993	T	C	27.7	inheritance	0/1:0/0:0/1	0	synonymous_variant	MUC5AC:ENST00000621226.2:c.10848T>C:p.(=)	MUC5AC	0.57469547	.	.	.	.	rs1245095901	0.0	.	.	.	.	.	.	.	.	.	.	0.57469547	0.2898865	0.0	3.448672E-5	.
11	1189033	T	C	36.6	inheritance	0/1:0/0:0/1	0	missense_variant	MUC5AC:ENST00000621226.2:c.10888T>C:p.(Ser3630Pro)	MUC5AC	0.77828246	.	.	.	.	rs1202505797	0.0	.	.	.	.	.	.	.	.	.	.	0.77828246	0.2898865	0.0	3.448672E-5	.
11	1189815	C	A	32.6	inheritance	0/1:0/0:0/1	0	synonymous_variant	MUC5AC:ENST00000621226.2:c.11670C>A:p.(=)	MUC5AC	0.003906727	.	.	.	.	rs1328764977	0.0	.	.	.	.	.	.	.	.	.	.	0.003906727	0.2898865	0.0	3.448672E-5	.
11	1190214	G	C	29.8	inheritance	0/1:0/0:0/1	0	synonymous_variant	MUC5AC:ENST00000621226.2:c.12069G>C:p.(=)	MUC5AC	4.6038628E-4	.	.	.	.	rs1379570399	0.0	.	.	.	.	.	.	.	.	.	.	4.6038628E-4	0.2898865	0.0	3.448672E-5	.
11	1190234	G	A	29.4	inheritance	0/1:0/0:0/1	0	missense_variant	MUC5AC:ENST00000621226.2:c.12089G>A:p.(Arg4030Gln)	MUC5AC	0.9938341	.	.	.	.	rs1247756839	0.0	.	.	.	.	.	.	.	.	.	.	0.9938341	0.2898865	0.0	3.448672E-5	.
11	1190429	C	G	8.9	inheritance	0/1:0/0:0/1	0	missense_variant	MUC5AC:ENST00000621226.2:c.12284C>G:p.(Thr4095Ser)	MUC5AC	0.59186864	.	.	.	.	rs1163100172	0.0	.	.	.	.	.	.	.	.	.	.	0.59186864	0.2898865	0.0	3.448672E-5	.
11	1190666	C	T	29.5	inheritance	0/1:0/0:0/1	0	missense_variant	MUC5AC:ENST00000621226.2:c.12521C>T:p.(Thr4174Ile)	MUC5AC	0.79816335	.	.	.	.	rs1248958955	0.0	.	.	.	.	.	.	.	.	.	.	0.79816335	0.2898865	0.0	3.448672E-5	.
11	1190684	C	T	32.6	inheritance	0/1:0/0:0/1	0	missense_variant	MUC5AC:ENST00000621226.2:c.12539C>T:p.(Ala4180Val)	MUC5AC	0.009168029	.	.	.	.	rs1330735919	0.0	.	.	.	.	.	.	.	.	.	.	0.009168029	0.2898865	0.0	3.448672E-5	.
11	1191146	T	C	8.7	inheritance	0/1:0/0:0/1	0	missense_variant	MUC5AC:ENST00000621226.2:c.13001T>C:p.(Ile4334Thr)	MUC5AC	0.3485216	.	.	.	.	rs1194119815	0.0	.	.	.	.	.	.	.	.	.	.	0.3485216	0.2898865	0.0	3.448672E-5	.
11	1191424	C	T	20.9	inheritance	0/1:0/0:0/1	0	missense_variant	MUC5AC:ENST00000621226.2:c.13279C>T:p.(Pro4427Ser)	MUC5AC	0.3792739	.	.	.	.	rs1158446987	0.0	.	.	.	.	.	.	.	.	.	.	0.3792739	0.2898865	0.0	3.448672E-5	.
2	107997929	G	C	48.1	inheritance	0/1:0/0:0/1	0	synonymous_variant	SLC5A7:ENST00000264047.3:c.540G>C:p.(=)	SLC5A7	0.62372965	.	.	.	.	rs574474443	0.01997	0.01997	.	.	.	0.017274141	.	.	0.0029978715	.	.	0.622027	0.28357342	0.0	3.2296375E-5	.
8	30837922	T	C	55.5	inheritance	0/1:0/0:0/1	0	missense_variant	TEX15:ENST00000256246.5:c.7213A>G:p.(Lys2405Glu)	TEX15	0.96973085	0.391	.	0.83	.	rs139095018	0.0446	0.03994	0.0233	0.0227	.	.	.	.	0.010489091	.	.	0.96374536	0.2715369	0.0	2.8498314E-5	.
7	122663470	C	T	53.2	inheritance	0/1:0/0:0/1	0	missense_variant	CADPS2:ENST00000313070.11:c.235G>A:p.(Val79Met)	CADPS2	0.99601895	0.994	1.0	1.0	.	rs571419420	0.01997	0.01997	.	.	.	.	.	.	0.0015296133	.	.	0.9972702	0.2684347	0.0	2.759405E-5	.
22	22514169	T	G	53.9	inheritance	0/1:0/0:0/1	0	missense_variant	ZNF280A:ENST00000302097.3:c.1462A>C:p.(Ser488Arg)	ZNF280A	0.9939744	.	.	.	.	rs361666	0.0	.	.	.	.	.	.	.	.	.	.	0.9939744	0.26774186	0.0	2.7396043E-5	.
22	22514173	C	G	52.9	inheritance	0/1:0/0:0/1	0	missense_variant	ZNF280A:ENST00000302097.3:c.1458G>C:p.(Leu486Phe)	ZNF280A	0.9939744	.	.	.	.	rs361762	0.0	.	.	.	.	.	.	.	.	.	.	0.9939744	0.26774186	0.0	2.7396043E-5	.
22	22514449	A	G	40.1	inheritance	0/1:0/0:0/1	0	synonymous_variant	ZNF280A:ENST00000302097.3:c.1182T>C:p.(=)	ZNF280A	0.9187169	.	.	.	.	rs361737	0.0	.	.	.	.	.	.	.	.	.	.	0.9187169	0.26774186	0.0	2.7396043E-5	.
22	22514452	A	G	42.9	inheritance	0/1:0/0:0/1	0	synonymous_variant	ZNF280A:ENST00000302097.3:c.1179T>C:p.(=)	ZNF280A	0.9757897	.	.	.	.	rs362173	0.0	.	.	.	.	.	.	.	.	.	.	0.9757897	0.26774186	0.0	2.7396043E-5	.
22	22514799	C	T	51.0	inheritance	0/1:0/0:0/1	0	missense_variant	ZNF280A:ENST00000302097.3:c.832G>A:p.(Asp278Asn)	ZNF280A	0.99354345	.	.	.	.	rs362003	0.0	.	.	.	.	.	.	.	.	.	.	0.99354345	0.26774186	0.0	2.7396043E-5	.
22	22514885	G	C	54.5	inheritance	0/1:0/0:0/1	0	missense_variant	ZNF280A:ENST00000302097.3:c.746C>G:p.(Ala249Gly)	ZNF280A	0.8244504	.	.	.	.	rs362124	0.0	.	.	.	.	.	.	.	.	.	.	0.8244504	0.26774186	0.0	2.7396043E-5	.
22	22514894	C	T	50.9	inheritance	0/1:0/0:0/1	0	missense_variant	ZNF280A:ENST00000302097.3:c.737G>A:p.(Ser246Asn)	ZNF280A	0.90493953	.	.	.	.	rs362132	0.0	.	.	.	.	.	.	.	.	.	.	0.90493953	0.26774186	0.0	2.7396043E-5	.
22	22515214	G	A	60.0	inheritance	0/1:0/0:0/1	0	synonymous_variant	ZNF280A:ENST00000302097.3:c.417C>T:p.(=)	ZNF280A	0.030383468	.	.	.	.	rs361611	0.0	.	.	.	.	.	.	.	.	.	.	0.030383468	0.26774186	0.0	2.7396043E-5	.
22	22515221	G	T	53.5	inheritance	0/1:0/0:0/1	0	missense_variant	ZNF280A:ENST00000302097.3:c.410C>A:p.(Ser137Tyr)	ZNF280A	0.9379131	.	.	.	.	rs361580	0.0	.	.	.	.	.	.	.	.	.	.	0.9379131	0.26774186	0.0	2.7396043E-5	.
22	22515224	C	T	56.3	inheritance	0/1:0/0:0/1	0	missense_variant	ZNF280A:ENST00000302097.3:c.407G>A:p.(Ser136Asn)	ZNF280A	0.5326954	.	.	.	.	rs362011	0.0	.	.	.	.	.	.	.	.	.	.	0.5326954	0.26774186	0.0	2.7396043E-5	.
22	22515418	A	C	40.0	inheritance	0/1:0/0:0/1	0	missense_variant	ZNF280A:ENST00000302097.3:c.213T>G:p.(Asn71Lys)	ZNF280A	0.97168607	.	.	.	.	rs361959	0.0	.	.	.	.	.	.	.	.	.	.	0.97168607	0.26774186	0.0	2.7396043E-5	.
10	50189586	G	T	13.6	inheritance	0/1:0/0:0/1	0	missense_variant	ASAH2:ENST00000329428.10:c.1904C>A:p.(Thr635Asn)	ASAH2	0.9961981	0.787	0.996965	0.993	.	rs1279780267	0.0	.	.	.	.	.	.	.	.	.	.	0.996965	0.2641303	0.0	2.6386675E-5	.
9	83908476	G	A	53.7	inheritance	0/1:0/0:0/1	0	stop_gained	KIF27:ENST00000297814.7:c.475C>T:p.(Arg159*)	KIF27	0.9997488	.	1.0	.	.	rs537684585	0.029708853	0.01997	.	.	.	.	.	.	0.0015008705	0.012169892	.	0.9959191	0.26221186	0.0	2.5865718E-5	.
21	26966192	C	A	45.6	inheritance	0/1:0/0:0/1	0	missense_variant	ADAMTS5:ENST00000284987.6:c.200G>T:p.(Arg67Leu)	ADAMTS5	0.9946297	0.0	.	0.92	.	rs373831167	0.01997	0.01997	.	.	.	.	.	.	.	.	.	0.9919146	0.25991976	0.0	2.525676E-5	.
7	116699164	A	G	49.8	inheritance	0/1:0/0:0/1	0	missense_variant	MET:ENST00000318493.11:c.80A>G:p.(Lys27Arg)	MET	0.974707	0.002	.	0.823	.	rs555920594	0.01997	0.01997	.	.	.	.	.	.	.	.	.	0.97204626	0.2593341	0.0	2.5103473E-5	.
2	222908823	C	T	53.4	inheritance	0/1:0/0:0/1	0	synonymous_variant	ACSL3:ENST00000357430.8:c.51C>T:p.(=)	ACSL3	0.9702833	.	.	.	.	rs542262128	0.01997	0.01997	.	.	.	0.008640056	.	.	0.010659682	.	.	0.9676347	0.25921962	0.0	2.5073623E-5	.
17	17819684	G	A	46.9	inheritance	0/1:0/0:0/1	0	missense_variant	SREBF1:ENST00000261646.10:c.565C>T:p.(Pro189Ser)	SREBF1	0.9690258	0.019	1.0	0.24900001	.	rs531373893	0.01997	0.01997	.	.	.	.	.	.	.	.	.	0.9972702	0.25911424	0.0	2.5046173E-5	.
19	38517416	G	A	42.7	inheritance	0/1:0/0:0/1	0	missense_variant	RYR1:ENST00000355481.8:c.9743G>A:p.(Arg3248Gln)	RYR1	0.9943766	0.001	.	0.412	.	rs553187437	0.01997	0.01997	.	.	.	.	.	.	0.0030259017	.	.	0.9916622	0.25813296	0.0	2.479201E-5	.
2	216482811	T	C	40.5	inheritance	0/1:0/0:0/1	0	missense_variant	SMARCAL1:ENST00000357276.9:c.2699T>C:p.(Leu900Pro)	SMARCAL1	0.9975453	0.093	1.0	0.998	.	rs572658323	0.01997	0.01997	.	.	.	.	.	.	0.0014990256	.	.	0.9972702	0.25685406	0.0	2.4464623E-5	.
3	160425019	G	GGTGTGTGTGTGTGTGTGT	37.4	inheritance	0/1:0/0:0/1	0	splice_donor_variant	SMC4:ENST00000344722.5:c.2478_2478+1insGTGTGTGTGTGTGTGTGT:p.?	SMC4	.	.	.	.	.	.	0.0	.	.	.	.	.	.	.	.	.	.	1.0	0.25643292	0.0	2.4357767E-5	.
11	35432738	G	A	41.5	inheritance	0/1:0/0:0/1	0	missense_variant	PAMR1:ENST00000611014.4:c.869C>T:p.(Ser290Phe)	PAMR1	0.9884389	0.055	.	.	.	rs554767403	0.01997	0.01997	.	.	.	.	.	.	0.0015011859	.	.	0.98574066	0.25626838	0.0	2.4316145E-5	.
15	67827107	A	AGCG	25.3	inheritance	0/1:0/0:0/1	0	disruptive_inframe_insertion	SKOR1:ENST00000380035.3:c.1292_1294dup:p.(Gly431dup)	SKOR1	0.94751924	.	.	.	.	rs771405818	0.0	.	.	.	.	.	.	.	.	.	.	0.94751924	0.25605863	0.0	2.4263189E-5	.
17	42854704	C	T	49.7	inheritance	0/1:0/0:0/1	0	synonymous_variant	AOC3:ENST00000308423.7:c.1857C>T:p.(=)	AOC3	0.96673405	.	.	.	.	rs574123445	0.01997	0.01997	.	.	.	.	.	.	0.0016199053	.	.	0.9640951	0.2559142	0.0	2.4226792E-5	.
17	11763608	A	G	48.4	inheritance	0/1:0/0:0/1	0	synonymous_variant	DNAH9:ENST00000262442.9:c.7164A>G:p.(=)	DNAH9	0.88933766	.	.	.	.	rs539397342	0.01997	0.01997	.	.	.	.	.	.	0.0016024613	.	.	0.88690996	0.2551555	0.0	2.4036486E-5	.
5	95591471	T	C	41.9	inheritance	0/1:0/0:0/1	0	synonymous_variant	ARSK:ENST00000380009.9:c.942T>C:p.(=)	ARSK	0.8148601	.	.	.	.	rs536220801	0.01997	0.01997	.	.	.	.	.	.	0.0014984417	.	.	0.8126357	0.25469354	0.0	2.3921346E-5	.
16	30067000	C	G	47.7	inheritance	0/1:0/0:0/1	0	missense_variant	ALDOA:ENST00000642816.2:c.103C>G:p.(Gln35Glu)	ALDOA	0.98561203	.	1.0	0.38	.	rs567803172	0.01997	0.01997	.	.	.	.	.	.	0.013196094	.	.	0.9972702	0.25460315	0.0	2.3898881E-5	.
1	150945147	TG	T	44.8	inheritance	0/1:0/0:0/1	0	frameshift_variant	SETDB1:ENST00000368962.6:c.1187del:p.(Gly396Glufs*6)	SETDB1	0.013038993	.	.	.	.	rs755041728	0.076837964	0.05995	.	.	0.023386342	0.06094588	.	.	0.03234645	0.043623675	.	0.98919153	0.25456348	0.0	2.388903E-5	.
1	160123263	C	T	49.4	inheritance	0/1:0/0:0/1	0	synonymous_variant	ATP1A2:ENST00000361216.8:c.228C>T:p.(=)	ATP1A2	0.016441941	.	.	.	.	rs201540165	0.03994	0.03994	.	.	.	.	.	.	0.0014984865	.	.	0.016351271	0.25413454	0.0	2.3782755E-5	.
5	96695891	C	G	44.9	inheritance	0/1:0/0:0/1	0	missense_variant	CAST:ENST00000395812.6:c.194C>G:p.(Thr65Arg)	CAST	0.93176615	0.731	.	0.986	.	rs532536058	0.01997	0.01997	.	.	.	.	.	.	0.0016083376	.	.	0.98330843	0.2537921	0.0	2.3698256E-5	.
14	20404728	G	C	53.1	inheritance	0/1:0/0:0/1	0	synonymous_variant	TEP1:ENST00000262715.10:c.915C>G:p.(=)	TEP1	0.9457999	.	.	.	.	rs542282942	0.06857893	0.01997	.	.	0.009714397	0.034620047	.	.	0.007565441	.	.	0.93671405	0.2536647	0.0	2.3666893E-5	.
11	67666115	C	T	43.0	inheritance	0/1:0/0:0/1	0	splice_region_variant	ALDH3B2:ENST00000349015.7:c.319+7G>A:p.?	ALDH3B2	0.2740612	.	.	.	.	rs373409168	0.01997	0.01997	0.0116	.	.	.	.	.	0.00900171	.	.	0.7978162	0.25344345	0.0	2.3612529E-5	.
12	109216914	G	A	46.1	inheritance	0/1:0/0:0/1	0	missense_variant	ACACB:ENST00000338432.11:c.3558G>A:p.(Met1186Ile)	ACACB	0.99532264	0.05	1.0	0.881	.	rs539224114	0.01997	0.01997	.	.	.	.	.	.	0.0015281173	.	.	0.9972702	0.25323734	0.0	2.3561995E-5	.
2	47167693	CAAAAAAAAAAA	C	19.7	inheritance	0/1:0/0:0/1	0	splice_region_variant	CALM2:ENST00000409563.5:c.-40-14_-40-4del:p.(=)	CALM2	0.24785775	.	.	.	.	rs58897204	0.0	.	.	.	.	.	.	.	.	.	.	0.8	0.2529606	0.0	2.3494315E-5	.
12	107704646	T	C	52.5	inheritance	0/1:0/0:0/1	0	synonymous_variant	PWP1:ENST00000412830.8:c.976T>C:p.(=)	PWP1	0.9287147	.	.	.	.	rs532316838	0.01997	0.01997	.	.	.	.	.	.	0.00299958	.	.	0.9261795	0.25275657	0.0	2.3444543E-5	.
11	105924663	G	A	42.8	inheritance	0/1:0/0:0/1	0	missense_variant	GRIA4:ENST00000282499.10:c.1741G>A:p.(Gly581Arg)	GRIA4	0.9970488	0.704	1.0	0.958	.	rs369753546	0.024239486	0.01997	0.0233	.	.	.	.	.	0.004516712	0.024239486	.	0.99667954	0.25254747	0.0	2.3393644E-5	.
1	107057251	A	G	47.3	inheritance	0/1:0/0:0/1	0	missense_variant	PRMT6:ENST00000370078.2:c.536A>G:p.(Lys179Arg)	PRMT6	0.999	0.678	1.0	0.995	.	rs565706783	0.01997	0.01997	.	.	.	.	.	.	0.0015177731	.	.	0.9972702	0.25253963	0.0	2.3391738E-5	.
15	45402633	G	A	45.1	inheritance	0/1:0/0:0/1	0	synonymous_variant	SPATA5L1:ENST00000305560.11:c.204G>A:p.(=)	SPATA5L1	0.96987	.	.	.	.	rs574924028	0.03994	0.03994	.	.	.	.	.	.	.	.	.	0.96452165	0.25241664	0.0	2.3361854E-5	.
20	35374234	C	T	44.9	inheritance	0/1:0/0:0/1	0	missense_variant	UQCC1:ENST00000374380.6:c.152G>A:p.(Arg51His)	UQCC1	0.9945046	0.29	1.0	0.837	.	rs529226801	0.0599	0.0599	.	.	.	0.008667014	.	.	0.0030056206	.	.	0.991646	0.25235492	0.0	2.334687E-5	.
2	180989882	G	C	42.9	inheritance	0/1:0/0:0/1	0	missense_variant	UBE2E3:ENST00000602475.5:c.246G>C:p.(Arg82Ser)	UBE2E3	0.78006214	.	1.0	.	.	rs533732420	0.01997	0.01997	.	.	.	.	.	.	0.019290123	.	.	0.9972702	0.25230134	0.0	2.333387E-5	.
12	98533631	T	G	38.4	inheritance	0/1:0/0:0/1	0	synonymous_variant	TMPO:ENST00000266732.8:c.1374T>G:p.(=)	TMPO	0.9702833	.	.	.	.	rs561730840	0.01997	0.01997	.	.	.	.	.	.	.	.	.	0.9676347	0.25224695	0.0	2.3320683E-5	.
4	75805212	G	T	45.7	inheritance	0/1:0/0:0/1	0	missense_variant	USO1:ENST00000264904.8:c.2231G>T:p.(Gly744Val)	USO1	0.9871175	0.001	.	.	.	rs544984728	0.01997	0.01997	.	.	.	.	.	.	0.0015766902	.	.	0.9844229	0.25212535	0.0	2.3291226E-5	.
4	151760854	G	C	52.8	inheritance	0/1:0/0:0/1	0	missense_variant	GATB:ENST00000263985.11:c.129C>G:p.(Ser43Arg)	GATB	0.98465383	0.001	.	0.955	.	rs537155081	0.01997	0.01997	.	.	.	.	.	.	0.0015003751	.	.	0.98196596	0.25205618	0.0	2.3274488E-5	.
9	116931	G	A	45.3	inheritance	0/1:0/0:0/1	0	missense_variant	FOXD4:ENST00000382500.3:c.1189C>T:p.(Arg397Trp)	FOXD4	0.9946297	0.639	.	0.994	.	rs535147968	0.01997	0.01997	.	.	.	0.017430713	.	.	0.001547748	.	.	0.9919146	0.2520451	0.0	2.3271805E-5	.
10	16937678	G	T	50.5	inheritance	0/1:0/0:0/1	0	missense_variant	CUBN:ENST00000377833.10:c.5840C>A:p.(Ser1947Tyr)	CUBN	0.9978122	0.995	.	0.998	.	rs147617753	0.046515815	0.03994	0.0465	.	.	0.034662046	.	0.015137753	0.046515815	.	.	0.99156916	0.25196758	0.0	2.3253062E-5	.
12	120641293	C	T	45.5	inheritance	0/1:0/0:0/1	0	missense_variant	CABP1:ENST00000316803.7:c.608C>T:p.(Pro203Leu)	CABP1	0.9983782	0.837	0.837425	0.999	.	rs1048321578	0.001593	.	.	.	.	.	.	.	.	.	.	0.9987845	0.25185803	0.0	2.3226597E-5	.
16	30483943	T	C	50.4	inheritance	0/1:0/0:0/1	0	missense_variant	ITGAL:ENST00000356798.11:c.839T>C:p.(Ile280Thr)	ITGAL	0.9938341	0.199	1.0	0.892	.	rs142620368	0.01997	0.01997	0.0116	.	.	.	.	.	0.010509248	.	.	0.9972702	0.25183165	0.0	2.3220231E-5	.
2	107872584	AAAC	A	25.4	inheritance	0/1:0/0:0/1	0	disruptive_inframe_deletion	RGPD4:ENST00000408999.3:c.4589_4591del:p.(Thr1530del)	RGPD4	0.98775387	.	.	.	.	rs770558604	0.024224807	.	.	.	.	0.024224807	.	.	0.0039915377	.	.	0.9844761	0.2516638	0.0	2.3179757E-5	.
16	15753412	C	T	48.2	inheritance	0/1:0/0:0/1	0	missense_variant	MYH11:ENST00000300036.6:c.1846G>A:p.(Ala616Thr)	MYH11	0.9973085	0.463	0.991588	0.993	.	rs566821376	0.01997	0.01997	.	.	.	.	.	.	.	.	.	0.99458605	0.25163296	0.0	2.3172326E-5	.
12	323210	C	CA	8.7	inheritance	0/1:0/0:0/1	0	splice_region_variant	KDM5A:ENST00000399788.7:c.2151-5_2151-4insT:p.?	KDM5A	0.8871764	.	.	.	.	rs60377454	0.0	.	.	.	.	.	.	.	.	.	.	0.8871764	0.25144818	0.0	2.3127863E-5	.
1	36466434	C	T	40.9	inheritance	0/1:0/0:0/1	0	missense_variant	CSF3R:ENST00000361632.8:c.2434G>A:p.(Val812Ile)	CSF3R	0.979107	0.003	1.0	0.39200002	.	rs528303671	0.059808612	0.01997	.	.	.	.	.	.	0.0015975462	.	.	0.9916591	0.25142518	0.0	2.3122333E-5	.
20	391492	TG	T	46.8	inheritance	0/1:0/0:0/1	0	frameshift_variant	TRIB3:ENST00000217233.8:c.499del:p.(Ala167Profs*43)	TRIB3	0.9987411	.	.	.	.	rs771814056	0.0015204963	.	.	.	.	.	.	.	0.0015204963	.	.	0.999794	0.2512889	0.0	2.3089602E-5	.
17	7323939	G	A	46.6	inheritance	0/1:0/0:0/1	0	synonymous_variant	NEURL4:ENST00000315614.11:c.2136C>T:p.(=)	NEURL4	0.6713755	.	.	.	.	rs200538912	0.03994	0.03994	0.024	.	.	0.025983024	0.011679514	.	0.0060364604	.	.	0.66767323	0.2511292	0.0	2.305131E-5	.
5	178986674	C	T	45.4	inheritance	0/1:0/0:0/1	0	missense_variant	GRM6:ENST00000231188.9:c.1580G>A:p.(Arg527Gln)	GRM6	0.99800473	0.913	0.999811	0.934	.	rs149564055	0.07987	0.07987	.	.	.	0.026219193	.	.	0.009411764	0.018223789	.	0.9885609	0.25102106	0.0	2.302541E-5	.
17	16353172	G	A	29.7	inheritance	0/1:0/0:0/1	0	missense_variant	CENPV:ENST00000299736.5:c.265C>T:p.(Pro89Ser)	CENPV	0.9920567	0.104	.	0.831	.	rs760190524	0.013276686	.	.	.	.	.	.	.	0.006685386	.	.	0.9902623	0.25084117	0.0	2.2982398E-5	.
X	18906777	C	T	59.0	inheritance	0/1:0/0:1/1	0	missense_variant	PHKA2:ENST00000379942.5:c.2635G>A:p.(Glu879Lys)	PHKA2	0.99411154	0.435	1.0	0.941	.	rs761309363	0.026490001	0.026490001	.	.	.	.	.	.	0.00416684	.	.	0.99636716	0.25083718	0.0	2.2981445E-5	.
9	123381763	G	A	42.5	inheritance	0/1:0/0:0/1	0	missense_variant	DENND1A:ENST00000373624.6:c.2699C>T:p.(Pro900Leu)	DENND1A	0.999369	0.997	0.998248	0.999	.	rs528747641	0.020885548	0.01997	.	.	.	.	.	.	0.020885548	.	.	0.9965146	0.2507813	0.0	2.29681E-5	.
4	38827201	C	T	49.5	inheritance	0/1:0/0:0/1	0	missense_variant	TLR6:ENST00000381950.1:c.2273G>A:p.(Arg758Gln)	TLR6	0.96419036	0.023	.	0.96	.	rs55963748	0.060562015	0.0599	.	.	0.009609841	0.008637071	.	.	0.0014983967	0.060562015	.	0.9560437	0.25070405	0.0	2.2949665E-5	.
1	41484166	C	T	46.9	inheritance	0/1:0/0:0/1	0	synonymous_variant	EDN2:ENST00000372587.5:c.102G>A:p.(=)	EDN2	0.02702874	.	.	.	.	rs41269469	0.0793	0.03994	0.0581	0.0227	0.010062387	0.017689722	.	0.034188036	0.049535602	.	.	0.026726862	0.2506319	0.0	2.2932461E-5	.
12	56717076	G	A	40.8	inheritance	0/1:0/0:0/1	0	missense_variant	NACA:ENST00000454682.5:c.4454C>T:p.(Ala1485Val)	NACA	0.18398154	0.001	.	0.995	.	rs557754386	0.01997	0.01997	.	.	.	.	.	.	0.0016738082	.	.	0.9922839	0.25058252	0.0	2.2920693E-5	.
2	87783164	C	A	10.5	inheritance	0/1:0/0:0/1	0	missense_variant	RGPD2:ENST00000398146.4:c.3860G>T:p.(Ser1287Ile)	RGPD2	0.9981379	.	0.874508	0.994	.	rs771070394	0.03988831	.	.	.	.	.	.	.	.	.	.	0.9926409	0.25054806	0.0	2.2912485E-5	.
7	141764543	G	T	47.7	inheritance	0/1:0/0:0/1	0	missense_variant	TAS2R3:ENST00000247879.2:c.385G>T:p.(Val129Leu)	TAS2R3	0.99168235	0.998	1.0	0.936	.	rs551280379	0.036483034	0.01997	.	.	.	0.008643042	.	.	0.0044961334	.	.	0.9949715	0.25052544	0.0	2.29071E-5	.
17	4545709	C	A	47.7	inheritance	0/1:0/0:0/1	0	synonymous_variant	MYBBP1A:ENST00000254718.8:c.1974G>T:p.(=)	MYBBP1A	0.86686265	.	.	.	.	rs202167625	0.0599	0.0599	.	.	.	0.018716076	.	.	0.008259548	.	.	0.85962087	0.25047255	0.0	2.2894508E-5	.
4	154544463	T	C	43.6	inheritance	0/1:0/0:0/1	0	synonymous_variant	PLRG1:ENST00000302078.9:c.549A>G:p.(=)	PLRG1	0.9803664	.	.	.	.	rs530993501	0.01997	0.01997	.	.	.	.	.	.	0.00149988	.	.	0.9776902	0.25046474	0.0	2.289265E-5	.
3	125055776	G	C	37.0	inheritance	0/1:0/0:0/1	0	missense_variant	HEG1:ENST00000311127.9:c.115C>G:p.(Arg39Gly)	HEG1	0.9842602	0.044	.	0.981	.	.	0.0	.	.	.	.	.	.	.	.	.	.	0.9842602	0.25038257	0.0	2.2873106E-5	.
12	882055	A	C	47.2	inheritance	0/1:0/0:0/1	0	synonymous_variant	WNK1:ENST00000315939.11:c.3354A>C:p.(=)	WNK1	0.9045007	.	.	.	.	rs549781052	0.01997	0.01997	.	.	.	.	.	.	0.0019506867	.	.	0.90203166	0.25037044	0.0	2.2870223E-5	.
19	54743789	C	CT	39.8	inheritance	1/1:0/1:1/1	0	splice_region_variant	KIR2DL3:ENST00000342376.4:c.371-6_371-5insT:p.?	KIR2DL3	0.7509423	.	.	.	.	rs762937109	0.14758937	.	.	.	.	.	.	.	.	.	.	0.782782	0.25029832	0.0	2.2853084E-5	.
19	54773534	C	A	30.7	inheritance	0/1:0/0:0/1	0	missense_variant	KIR2DL1:ENST00000291633.7:c.272C>A:p.(Thr91Lys)	KIR2DL1	0.62914854	0.841	.	0.921	.	rs687485	0.04659212	.	.	.	0.039177276	.	.	.	0.0015483232	.	.	0.91505533	0.25027502	0.0	2.284755E-5	.
19	54773593	G	T	17.3	inheritance	0/1:0/0:0/1	0	missense_variant	KIR2DL1:ENST00000291633.7:c.331G>T:p.(Val111Leu)	KIR2DL1	0.71529174	.	.	.	.	rs687885	0.07486898	.	.	.	.	.	.	.	.	.	.	0.7077662	0.25027502	0.0	2.284755E-5	.
19	54775329	G	A	17.9	inheritance	0/1:0/0:0/1	0	missense_variant	KIR2DL1:ENST00000291633.7:c.535G>A:p.(Gly179Arg)	KIR2DL1	0.9833275	0.274	.	0.601	.	rs62121640	0.03994	0.03994	0.0241	.	.	.	.	.	.	.	.	0.977905	0.25027502	0.0	2.284755E-5	.
19	54775344	G	A	22.4	inheritance	0/1:0/0:0/1	0	missense_variant	KIR2DL1:ENST00000291633.7:c.550G>A:p.(Asp184Asn)	KIR2DL1	0.804476	0.014	.	0.878	.	rs147072532	0.03994	0.03994	.	.	.	.	.	.	.	0.007300336	.	0.8731583	0.25027502	0.0	2.284755E-5	.
19	54775370	C	T	36.4	inheritance	0/1:0/0:0/1	0	synonymous_variant	KIR2DL1:ENST00000291633.7:c.576C>T:p.(=)	KIR2DL1	0.0034478903	.	.	.	.	rs28465191	0.058843307	.	.	.	.	.	0.011800802	.	0.0015916977	0.020567667	.	0.0034196097	0.25027502	0.0	2.284755E-5	.
3	169828833	G	A	48.5	inheritance	0/1:0/0:0/1	0	synonymous_variant	LRRIQ4:ENST00000340806.6:c.1095G>A:p.(=)	LRRIQ4	0.7756118	.	.	.	.	rs535804958	0.077500895	0.01997	.	.	0.010239607	0.043237634	.	.	0.010502625	.	.	0.7671535	0.25008857	0.0	2.2803315E-5	.
17	36166065	C	T	40.2	inheritance	1/1:0/1:1/1	0	missense_variant	TBC1D3B:ENST00000611257.4:c.1580G>A:p.(Cys527Tyr)	TBC1D3B	0.98825103	.	.	.	.	rs745769652	0.0	.	.	.	.	.	.	.	.	.	.	0.98825103	0.25006646	0.0	2.2798074E-5	.
17	36435803	G	T	19.3	inheritance	0/1:0/0:0/1	0	missense_variant	TBC1D3F:ENST00000620210.1:c.252C>A:p.(Asp84Glu)	TBC1D3F	0.3359512	.	1.0	.	.	rs1235437204	0.0	.	.	.	.	.	.	.	.	.	.	1.0	0.2500642	0.0	2.2797538E-5	.
11	117228294	A	G	51.2	inheritance	0/1:0/0:0/1	0	synonymous_variant	PCSK7:ENST00000320934.8:c.525T>C:p.(=)	PCSK7	0.9912904	.	.	.	.	rs534958050	0.01997	0.01997	.	.	.	.	.	.	0.0015135462	.	.	0.9885844	0.2500626	0.0	2.2797163E-5	.
15	54012972	A	G	45.4	inheritance	0/1:0/0:0/1	0	synonymous_variant	UNC13C:ENST00000260323.15:c.69A>G:p.(=)	UNC13C	0.94964993	.	.	.	.	rs543353315	0.01997	0.01997	.	.	.	.	.	.	0.001506024	.	.	0.9470576	0.25004458	0.0	2.279289E-5	.
19	49740189	G	A	51.1	inheritance	0/1:0/0:0/1	0	splice_region_variant	TSKS:ENST00000246801.8:c.1498-6C>T:p.?	TSKS	0.9745317	.	.	.	.	rs534346167	0.055391435	0.01997	.	.	0.010044195	0.017373176	.	.	0.0030445107	.	.	0.96702033	0.2500385	0.0	2.2791452E-5	.
2	102009638	G	C	51.7	inheritance	0/1:0/0:0/1	0	synonymous_variant	IL1R2:ENST00000332549.8:c.144G>C:p.(=)	IL1R2	0.8646058	.	.	.	.	rs543195065	0.01997	0.01997	.	.	.	0.008637071	.	.	0.0014989807	.	.	0.8622456	0.25003743	0.0	2.2791197E-5	.
12	111756411	G	A	51.6	inheritance	0/1:0/0:0/1	0	missense_variant	ACAD10:ENST00000313698.8:c.3118G>A:p.(Asp1040Asn)	ACAD10	0.9965326	0.979	1.0	0.998	.	rs142030532	0.07987	0.07987	0.0582	0.0454	0.0730384	0.019062143	.	.	0.038895372	0.0065832785	.	0.9887478	0.2500366	0.0	2.2790999E-5	.
18	32204318	C	T	48.0	inheritance	0/1:0/0:0/1	0	missense_variant	MEP1B:ENST00000269202.11:c.505C>T:p.(Arg169Trp)	MEP1B	0.9989285	1.0	0.999979	1.0	.	rs531662397	0.023378141	0.01997	.	.	0.018175209	.	.	.	0.023378141	.	.	0.99679893	0.25003597	0.0	2.2790851E-5	.
16	20419282	G	A	44.5	inheritance	0/1:0/0:0/1	0	missense_variant	ACSM5:ENST00000331849.8:c.470G>A:p.(Arg157Gln)	ACSM5	0.998651	1.0	0.996661	0.999	.	rs572015052	0.01997	0.01997	.	.	.	.	.	.	0.0014984865	.	.	0.9972702	0.25001755	0.0	2.2786488E-5	.
3	133945240	G	A	47.3	inheritance	0/1:0/0:0/1	0	missense_variant	SLCO2A1:ENST00000310926.11:c.1316C>T:p.(Pro439Leu)	SLCO2A1	0.96451867	0.012	.	0.60899997	.	rs147644142	0.07987	0.07987	.	0.0227	.	0.07794908	0.023169601	.	0.016668687	.	.	0.9536657	0.25001186	0.0	2.278514E-5	.
X	54182952	G	A	51.9	inheritance	0/1:0/0:1/1	0	missense_variant	FAM120C:ENST00000328235.4:c.247C>T:p.(Arg83Trp)	FAM120C	0.99601895	0.002	.	1.0	.	rs781837490	0.026490001	0.026490001	.	.	.	.	.	.	.	.	.	0.99636716	0.2500093	0.0	2.2784532E-5	.
10	46462341	C	A	8.8	inheritance	0/1:0/0:0/1	0	missense_variant	NPY4R:ENST00000374312.5:c.295G>T:p.(Ala99Ser)	NPY4R	0.98184484	.	.	0.994	.	rs2229967	0.06738544	.	.	.	.	.	.	.	.	.	.	0.984623	0.2500055	0.0	2.2783637E-5	.
X	27747991	A	G	58.5	inheritance	0/1:0/0:1/1	0	missense_variant	DCAF8L2:ENST00000451261.6:c.1096A>G:p.(Lys366Glu)	DCAF8L2	0.99411154	.	0.997487	.	.	rs774285351	0.06024323	0.026490001	.	.	.	0.010984182	.	.	0.008627197	.	.	0.9891048	0.2500046	0.0	2.2783417E-5	.
16	21233821	G	A	47.6	inheritance	0/1:0/0:0/1	0	synonymous_variant	ANKS4B:ENST00000311620.7:c.84G>A:p.(=)	ANKS4B	0.90645945	.	.	.	.	rs376343890	0.01997	0.01997	.	.	.	.	.	.	0.0014985764	0.006058403	.	0.903985	0.2500037	0.0	2.2783206E-5	.
12	94248366	G	T	43.1	inheritance	0/1:0/0:0/1	0	missense_variant	PLXNC1:ENST00000258526.9:c.2732G>T:p.(Gly911Val)	PLXNC1	0.9435063	0.077	.	0.797	.	rs568450392	0.01997	0.01997	.	.	.	.	.	.	0.0015027651	.	.	0.9409307	0.2500021	0.0	2.2782824E-5	.
4	75521783	C	T	45.3	inheritance	0/1:0/0:0/1	0	synonymous_variant	THAP6:ENST00000311638.7:c.336C>T:p.(=)	THAP6	0.8061794	.	.	.	.	rs568252076	0.01997	0.01997	.	.	.	.	.	.	0.0015033073	.	.	0.80397874	0.25	0.0	2.2782331E-5	.
3	56619843	T	C	53.0	inheritance	0/1:0/0:0/1	0	missense_variant	CCDC66:ENST00000326595.11:c.2600T>C:p.(Met867Thr)	CCDC66	0.9945046	0.018	.	0.992	.	rs199936575	0.03871352	0.01997	.	.	.	0.017274141	.	.	0.002997512	.	.	0.98919207	0.2193419	0.0	1.6565391E-5	.
19	39886355	C	T	8.1	inheritance	0/1:0/0:0/1	0	synonymous_variant	FCGBP:ENST00000616721.6:c.7824G>A:p.(=)	FCGBP	0.052890897	.	.	.	.	rs2916064	0.03955696	.	.	.	.	.	.	.	.	.	.	0.052602082	0.19811323	0.0	1.3285288E-5	.
19	39886439	A	G	24.0	inheritance	0/1:0/0:0/1	0	synonymous_variant	FCGBP:ENST00000616721.6:c.7740T>C:p.(=)	FCGBP	0.7463704	.	.	.	.	rs746639255	0.08763876	.	.	.	.	.	.	.	.	.	.	0.7371188	0.19811323	0.0	1.3285288E-5	.
16	58543423	A	C	41.2	inheritance	0/1:0/0:0/1	0	missense_variant	CNOT1:ENST00000441024.6:c.4618T>G:p.(Phe1540Val)	CNOT1	0.5350567	0.0	.	1.0	.	rs556592424	0.0889416	0.01997	.	.	.	.	.	.	.	.	.	0.987412	0.18202524	0.0	1.1239479E-5	.
17	80363278	A	C	41.0	inheritance	0/1:0/0:0/1	0	missense_variant	RNF213:ENST00000508628.6:c.11679A>C:p.(Glu3893Asp)	RNF213	0.9679373	.	.	0.793	.	rs561810522	0.01997	0.01997	.	.	.	.	.	.	0.001505344	.	.	0.965295	0.17814833	0.0	1.0795554E-5	.
7	73434381	T	G	38.7	inheritance	0/1:0/0:0/1	0	missense_variant	FZD9:ENST00000344575.5:c.374T>G:p.(Ile125Ser)	FZD9	0.9984512	0.574	0.999978	0.998	.	.	0.0	.	.	.	.	.	.	.	.	.	.	0.999978	0.176263	0.0	1.05860545E-5	.
1	19643329	G	A	48.1	inheritance	0/1:0/0:0/1	0	missense_variant	NBL1:ENST00000289749.6:c.18G>A:p.(Met6Ile)	NBL1	0.9144933	0.0	.	0.906	.	rs552896981	0.01997	0.01997	.	.	.	.	.	.	0.0015231364	.	.	0.91199696	0.16217206	0.0	9.14375E-6	.
7	100960786	C	A	12.4	inheritance	0/1:0/0:0/1	0	synonymous_variant	MUC3A:ENST00000379458.9:c.8901C>A:p.(=)	MUC3A	0.6018928	.	.	.	.	rs2904852	0.0	.	.	.	.	.	.	.	.	.	.	0.6018928	0.15951921	0.0	8.895056E-6	.
7	100965345	C	A	16.2	inheritance	0/1:0/0:0/1	0	missense_variant	MUC3A:ENST00000379458.9:c.9446C>A:p.(Ala3149Glu)	MUC3A	0.9745903	.	.	.	.	rs73714276	0.0	.	.	.	.	.	.	.	.	.	.	0.9745903	0.15951921	0.0	8.895056E-6	.
7	100965350	A	G	24.1	inheritance	0/1:0/0:0/1	0	splice_region_variant	MUC3A:ENST00000379458.9:c.9448+3A>G:p.?	MUC3A	0.9644369	.	.	.	.	rs75592954	0.0	.	.	.	.	.	.	.	.	.	.	0.9644369	0.15951921	0.0	8.895056E-6	.
20	25342103	CA	C	32.9	inheritance	1/1:0/1:1/1	0	splice_region_variant	ABHD12:ENST00000672566.1:c.-431-8del:p.(=)	ABHD12	0.054198503	.	.	.	.	rs11476197	0.0	.	.	.	.	.	.	.	.	.	.	0.8	0.15215574	0.0	8.23964E-6	.
10	122837549	G	C	50.8	inheritance	0/1:0/0:0/1	0	missense_variant	CUZD1:ENST00000392790.6:c.454C>G:p.(Pro152Ala)	CUZD1	0.97021484	0.053	.	0.819	.	rs558554477	0.01997	0.01997	.	.	.	.	.	.	0.0015487068	.	.	0.9675664	0.118653364	0.0	5.8166142E-6	.
1	12894694	C	T	9.4	inheritance	0/1:0/0:0/1	0	stop_gained	PRAMEF10:ENST00000235347.4:c.758G>A:p.(Trp253*)	PRAMEF10	0.9959262	.	1.0	.	.	rs2260233	0.034802783	.	.	.	.	.	.	.	.	.	.	0.9952072	0.10715864	0.0	5.1615502E-6	.
1	13281806	C	T	22.9	inheritance	0/1:0/0:0/1	0	synonymous_variant	PRAMEF8:ENST00000357367.6:c.990G>A:p.(=)	PRAMEF8	0.6254585	.	.	.	.	rs1891607	0.0	.	.	.	.	.	.	.	.	.	.	0.6254585	0.10715864	0.0	5.1615502E-6	.
8	143866876	C	T	46.8	inheritance	0/1:0/0:0/1	0	synonymous_variant	EPPK1:ENST00000568225.2:c.6303G>A:p.(=)	EPPK1	0.18660778	.	.	.	.	rs553724064	0.01997	0.01997	.	.	.	.	.	.	0.0015049361	.	.	0.18609838	0.08836317	0.0	4.2455363E-6	.
15	22774667	G	A	21.3	inheritance	0/1:0/0:0/1	0	splice_region_variant	AC011767.1:ENST00000559762.1:n.228C>T:	AC011767.1	0.05027032	.	.	.	.	rs2347177	0.0	.	.	.	.	.	.	.	.	.	.	0.8	0.0	0.0	0.0	.
8	84163656	C	CT	25.1	inheritance	0/1:0/0:-/1	0	splice_region_variant	AC012400.1:ENST00000518452.1:n.177-4_177-3insA:	AC012400.1	0.4028272	.	.	.	.	rs3077436	0.0	.	.	.	.	.	.	.	.	.	.	0.8	0.0	0.0	0.0	.
10	48025898	T	C	11.0	inheritance	0/1:0/0:0/1	0	splice_region_variant	AGAP12P:ENST00000585227.6:n.396A>G:	AGAP12P	0.9609159	.	.	.	.	rs370794753	0.0	.	.	.	.	.	.	.	.	.	.	0.9609159	0.0	0.0	0.0	.
11	65025779	CT	C	12.6	inheritance	0/1:0/0:0/1	0	splice_region_variant	AP000436.1:ENST00000605239.1:n.410del:	AP000436.1	0.82372123	.	.	.	.	rs36027416	0.0	.	.	.	.	.	.	.	.	.	.	0.82372123	0.0	0.0	0.0	.
9	26887352	T	C	47.9	inheritance	0/1:0/0:0/1	0	synonymous_variant	CAAP1:ENST00000333916.8:c.465A>G:p.(=)	CAAP1	0.94402426	.	.	.	.	rs569193262	0.01997	0.01997	.	.	.	.	.	.	0.0022951572	.	.	0.9414473	0.0	0.0	0.0	.
1	200852612	AAAGGAAACT	A	45.7	inheritance	0/1:0/0:0/1	0	inframe_deletion	CAMSAP2:ENST00000236925.8:c.3571_3579del:p.(Lys1191_Thr1193del)	CAMSAP2	0.9946297	.	.	.	.	rs747209889	0.0029875718	.	.	.	.	.	.	.	.	.	.	0.9942269	0.0	0.0	0.0	.
7	75017680	C	T	46.6	inheritance	0/1:0/0:0/1	0	synonymous_variant	CASTOR2:ENST00000616305.2:c.267C>T:p.(=)	CASTOR2	0.94363624	.	.	.	.	rs1209469316	7.964E-4	.	.	.	.	.	.	.	.	.	.	0.94353443	0.0	0.0	0.0	.
9	68256920	G	C	17.2	inheritance	0/1:0/0:0/1	0	splice_acceptor_variant	CBWD3:ENST00000360171.10:c.431-1G>C:p.?	CBWD3	0.99645185	.	.	.	.	rs2225470	0.0	.	.	.	.	.	.	.	.	.	.	1.0	0.0	0.0	0.0	.
9	65682859	T	C	17.7	inheritance	0/1:0/0:0/1	0	splice_donor_variant	CBWD5:ENST00000377392.9:c.-1336+2T>C:p.(=)	CBWD5	0.99601895	.	.	.	.	rs1282520379	0.0	.	.	.	.	.	.	.	.	.	.	1.0	0.0	0.0	0.0	.
4	76334169	T	C	48.0	inheritance	0/1:0/0:0/1	0	splice_acceptor_variant	CCDC158:ENST00000388914.7:c.2665-2A>G:p.?	CCDC158	0.99601895	.	1.0	.	.	rs574121898	0.01997	0.01997	.	.	.	.	.	.	0.0015119901	.	.	0.9972702	0.0	0.0	0.0	.
9	136292176	G	A	48.0	inheritance	0/1:0/0:0/1	0	missense_variant	CCDC187:ENST00000569961.5:c.658C>T:p.(Leu220Phe)	CCDC187	0.9814647	.	.	0.826	.	.	0.0	.	.	.	.	.	.	.	.	.	.	0.9814647	0.0	0.0	0.0	.
17	36212342	C	G	55.0	inheritance	1/1:0/1:1/1	0	missense_variant	CCL4L2:ENST00000615418.4:c.200C>G:p.(Pro67Arg)	CCL4L2	0.470946	.	.	.	.	rs4796193	0.0	.	.	.	.	.	.	.	.	.	.	0.470946	0.0	0.0	0.0	.
19	3286015	G	A	46.7	inheritance	0/1:0/0:0/1	0	synonymous_variant	CELF5:ENST00000292672.7:c.1176G>A:p.(=)	CELF5	0.9925869	.	.	.	.	rs376828058	0.033998188	0.01997	0.0125	.	.	0.033998188	.	.	0.0021015469	.	.	0.98794144	0.0	0.0	0.0	.
2	55519825	G	C	49.1	inheritance	0/1:0/0:0/1	0	missense_variant	CFAP36:ENST00000339012.7:c.24G>C:p.(Glu8Asp)	CFAP36	0.99168235	0.193	0.94669	0.515	.	rs551462553	0.040633887	0.03994	.	.	.	.	.	.	0.008996851	0.03634161	.	0.98611677	0.0	0.0	0.0	.
15	20282975	G	GTGAA	25.4	inheritance	0/1:0/0:0/1	0	splice_donor_variant	CHEK2P2:ENST00000555186.5:n.231+1_231+2insTGAA:	CHEK2P2	0.9729604	.	.	.	.	rs374719316	0.0	.	.	.	.	.	.	.	.	.	.	1.0	0.0	0.0	0.0	.
19	7731666	G	A	49.8	inheritance	0/1:0/0:0/1	0	missense_variant	CLEC4G:ENST00000328853.9:c.161C>T:p.(Ser54Phe)	CLEC4G	0.99645185	0.997	.	0.999	.	rs530697988	0.02004008	0.01997	.	.	0.02004008	0.008846426	.	.	0.0015313936	.	.	0.9962633	0.0	0.0	0.0	.
X	154653499	C	T	19.4	inheritance	0/1:0/0:1/1	0	missense_variant	CTAG2:ENST00000247306.4:c.17G>A:p.(Arg6Gln)	CTAG2	0.4011749	.	.	.	.	rs17855367	0.0	.	.	.	.	.	.	.	.	.	.	0.4011749	0.0	0.0	0.0	.
19	1278863	T	C	47.0	inheritance	0/1:0/0:0/1	0	missense_variant	FAM174C:ENST00000469144.5:c.53T>C:p.(Leu18Pro)	FAM174C	0.2255382	0.002	.	.	.	rs564786703	0.03994	0.03994	.	.	0.009856101	.	.	.	0.0015375154	.	.	0.22429447	0.0	0.0	0.0	.
10	47762988	G	A	23.1	inheritance	0/1:0/0:0/1	0	missense_variant	FO681492.1:ENST00000623662.3:c.17C>T:p.(Ser6Leu)	FO681492.1	0.78772444	.	.	.	.	rs1226594908	0.0	.	.	.	.	.	.	.	.	.	.	0.78772444	0.0	0.0	0.0	.
9	63842823	CCTT	C	21.9	inheritance	0/1:0/0:0/1	0	splice_region_variant	FRG1JP:ENST00000376334.3:n.410_412del:	FRG1JP	0.9765037	.	.	.	.	rs144201632	0.0	.	.	.	.	.	.	.	.	.	.	0.9765037	0.0	0.0	0.0	.
3	75665865	T	C	6.8	inheritance	0/1:0/0:0/1	0	synonymous_variant	FRG2C:ENST00000308062.7:c.673T>C:p.(=)	FRG2C	0.8184902	.	.	.	.	rs4507282	0.0	.	.	.	.	.	.	.	.	.	.	0.8184902	0.0	0.0	0.0	.
3	75665948	T	A	22.5	inheritance	0/1:0/0:0/1	0	missense_variant	FRG2C:ENST00000308062.7:c.756T>A:p.(Asp252Glu)	FRG2C	0.9214764	0.001	.	0.376	.	rs2118760	0.0	.	.	.	.	.	.	.	.	.	.	0.9214764	0.0	0.0	0.0	.
15	82431921	C	T	52.2	inheritance	1/1:0/1:1/1	0	missense_variant	GOLGA6L9:ENST00000618348.1:c.176C>T:p.(Thr59Ile)	GOLGA6L9	0.9850721	.	.	.	.	rs1228564009	0.0	.	.	.	.	.	.	.	.	.	.	0.9850721	0.0	0.0	0.0	.
15	82434369	G	A	26.9	inheritance	0/1:0/0:0/1	0	missense_variant	GOLGA6L9:ENST00000618348.1:c.769G>A:p.(Glu257Lys)	GOLGA6L9	0.92056715	.	.	.	.	rs17846317	0.0	.	.	.	.	.	.	.	.	.	.	0.92056715	0.0	0.0	0.0	.
10	46549695	C	A	33.3	inheritance	0/1:0/0:0/1	0	missense_variant	GPRIN2:ENST00000374314.5:c.1042G>T:p.(Val348Leu)	GPRIN2	0.99563485	.	.	0.964	.	rs4926046	0.007259001	.	.	.	.	.	.	.	.	.	.	0.99465317	0.0	0.0	0.0	.
10	46554580	G	A	52.7	inheritance	0/1:0/0:0/1	0	splice_region_variant	GPRIN2:ENST00000374317.1:c.-7+5C>T:p.(=)	GPRIN2	0.46972638	.	.	.	.	rs873876	0.0	.	.	.	.	.	.	.	.	.	.	0.8	0.0	0.0	0.0	.
22	23998678	T	C	11.0	inheritance	0/1:0/0:0/1	0	missense_variant	GSTT4:ENST00000621179.5:c.590A>G:p.(Gln197Arg)	GSTT4	0.9830956	.	.	.	.	rs1177906550	0.0	.	.	.	.	.	.	.	.	.	.	0.9830956	0.0	0.0	0.0	.
7	73179276	ACT	A	9.8	inheritance	0/1:0/0:0/1	0	splice_region_variant	GTF2IP4:ENST00000453092.3:n.361+7_361+8del:	GTF2IP4	0.9009168	.	.	.	.	rs1428697221	0.0	.	.	.	.	.	.	.	.	.	.	0.9009168	0.0	0.0	0.0	.
7	74798013	G	A	5.0	inheritance	0/1:0/0:0/1	0	missense_variant	GTF2IRD2:ENST00000451013.6:c.1499C>T:p.(Ser500Leu)	GTF2IRD2	0.98923534	.	.	.	.	rs2529320	0.0	.	.	.	.	.	.	.	.	.	.	0.98923534	0.0	0.0	0.0	.
14	106762382	C	G	24.1	inheritance	0/1:0/0:0/1	0	synonymous_variant	IGHV1-69D:ENST00000624687.1:c.63G>C:p.(=)	IGHV1-69D	0.115088165	.	.	.	.	rs1478403490	0.0	.	.	.	.	.	.	.	.	.	.	0.115088165	0.0	0.0	0.0	.
22	22201974	T	C	55.1	inheritance	0/1:0/0:0/1	0	missense_variant	IGLV11-55:ENST00000390286.3:c.182T>C:p.(Leu61Pro)	IGLV11-55	0.916054	.	.	.	.	rs9306341	0.0	.	.	.	.	.	.	.	.	.	.	0.916054	0.0	0.0	0.0	.
22	22353209	G	C	30.0	inheritance	1/1:0/1:1/1	0	missense_variant	IGLV5-48:ENST00000390293.1:c.145G>C:p.(Val49Leu)	IGLV5-48	0.9370494	.	.	.	.	rs201334749	0.0	.	.	.	.	.	.	.	.	.	.	0.9370494	0.0	0.0	0.0	.
22	22353228	A	T	31.8	inheritance	1/1:0/1:1/1	0	missense_variant	IGLV5-48:ENST00000390293.1:c.164A>T:p.(Tyr55Phe)	IGLV5-48	2.3025274E-4	.	.	.	.	rs117042445	0.0	.	.	.	.	.	.	.	.	.	.	2.3025274E-4	0.0	0.0	0.0	.
19	54835079	G	C	22.2	inheritance	0/1:0/0:0/1	0	missense_variant	KIR2DS4:ENST00000339924.12:c.35G>C:p.(Gly12Ala)	KIR2DS4	0.9898375	.	.	.	.	rs112522228	0.0	.	.	.	.	.	.	.	.	.	.	0.9898375	0.0	0.0	0.0	.
19	54847788	AAC	A	16.2	inheritance	0/1:0/0:0/1	0	frameshift_truncation	KIR2DS4:ENST00000339924.12:c.838_839del:p.(Gln280Valfs*18)	KIR2DS4	0.9938341	.	.	.	.	rs138992022	0.0	.	.	.	.	.	.	.	.	.	.	1.0	0.0	0.0	0.0	.
19	54631288	C	A	44.1	inheritance	1/1:0/1:1/1	0	synonymous_variant	LILRB1:ENST00000324602.11:c.52C>A:p.(=)	LILRB1	0.6609217	.	.	.	.	rs1985501	0.0	.	.	.	.	.	.	.	.	.	.	0.6609217	0.0	0.0	0.0	.
19	54631632	C	T	44.0	inheritance	1/1:0/1:1/1	0	missense_variant	LILRB1:ENST00000324602.11:c.203C>T:p.(Pro68Leu)	LILRB1	0.009624243	.	.	.	.	rs1061679	0.0	.	.	.	.	.	.	.	.	.	.	0.009624243	0.0	0.0	0.0	.
19	54222365	G	C	23.8	inheritance	0/1:0/0:0/1	0	missense_variant	LILRB3:ENST00000245620.13:c.268C>G:p.(Gln90Glu)	LILRB3	0.013720512	.	.	.	.	rs138323850	0.0	.	.	.	.	.	.	.	.	.	.	0.013720512	0.0	0.0	0.0	.
19	54222457	T	C	15.0	inheritance	0/1:0/0:0/1	0	missense_variant	LILRB3:ENST00000245620.13:c.176A>G:p.(Gln59Arg)	LILRB3	2.3025274E-4	.	.	.	.	rs200199363	0.0	.	.	.	.	.	.	.	.	.	.	2.3025274E-4	0.0	0.0	0.0	.
5	191754	C	T	43.2	inheritance	0/1:0/0:0/1	0	synonymous_variant	LRRC14B:ENST00000328278.4:c.216C>T:p.(=)	LRRC14B	0.843937	.	.	.	.	rs544622005	0.01997	0.01997	.	.	.	.	.	.	.	.	.	0.8416332	0.0	0.0	0.0	.
7	78168010	G	A	42.3	inheritance	0/1:0/0:0/1	0	synonymous_variant	MAGI2:ENST00000354212.9:c.2502C>T:p.(=)	MAGI2	0.8809581	.	.	.	.	rs144611762	0.07987	0.07987	0.0116	0.0227	0.02882952	0.017274141	0.01155535	.	0.005993407	.	.	0.87104535	0.0	0.0	0.0	.
9	136856983	G	A	44.4	inheritance	0/1:0/0:0/1	0	synonymous_variant	MAMDC4:ENST00000317446.7:c.1914G>A:p.(=)	MAMDC4	0.034616232	.	.	.	.	rs541764542	0.01997	0.01997	.	.	.	.	.	.	0.0015482752	.	.	0.034521736	0.0	0.0	0.0	.
1	24075462	G	A	48.9	inheritance	0/1:0/0:0/1	0	synonymous_variant	MYOM3:ENST00000374434.4:c.2715C>T:p.(=)	MYOM3	0.9405708	.	.	.	.	rs531893682	0.02640513	0.01997	.	.	.	0.0086896075	.	.	0.0015422578	.	.	0.9371649	0.0	0.0	0.0	.
1	148120602	C	T	36.3	inheritance	0/1:0/0:0/1	0	missense_variant	NBPF11:ENST00000614015.4:c.887G>A:p.(Cys296Tyr)	NBPF11	0.85724217	.	.	.	.	rs1199265858	0.0	.	.	.	.	.	.	.	.	.	.	0.85724217	0.0	0.0	0.0	.
1	148120603	A	G	38.3	inheritance	0/1:0/0:0/1	0	missense_variant	NBPF11:ENST00000614015.4:c.886T>C:p.(Cys296Arg)	NBPF11	0.70351684	.	.	.	.	rs74994984	0.0	.	.	.	.	.	.	.	.	.	.	0.70351684	0.0	0.0	0.0	.
1	148126846	T	C	37.3	inheritance	0/1:0/0:0/1	0	missense_variant	NBPF11:ENST00000614015.4:c.158A>G:p.(Asn53Ser)	NBPF11	0.96673405	.	.	.	.	rs57784339	0.0	.	.	.	.	.	.	.	.	.	.	0.96673405	0.0	0.0	0.0	.
1	146988091	A	G	17.4	inheritance	0/1:0/0:0/1	0	missense_variant	NBPF12:ENST00000439206.6:c.1403A>G:p.(Glu468Gly)	NBPF12	0.9803664	.	.	.	.	rs200441040	0.0	.	.	.	.	.	.	.	.	.	.	0.9803664	0.0	0.0	0.0	.
1	148559961	T	C	34.7	inheritance	0/1:0/0:0/1	0	missense_variant	NBPF14:ENST00000614999.4:c.4054A>G:p.(Ser1352Gly)	NBPF14	0.946173	.	.	.	.	rs1397909621	0.0	.	.	.	.	.	.	.	.	.	.	0.946173	0.0	0.0	0.0	.
1	148559962	G	T	34.7	inheritance	0/1:0/0:0/1	0	synonymous_variant	NBPF14:ENST00000614999.4:c.4053C>A:p.(=)	NBPF14	0.22034943	.	.	.	.	rs1339643523	0.0	.	.	.	.	.	.	.	.	.	.	0.22034943	0.0	0.0	0.0	.
1	148593602	G	A	34.9	inheritance	0/1:0/0:0/1	0	missense_variant	NBPF14:ENST00000581201.5:c.274C>T:p.(Leu92Phe)	NBPF14	0.9838935	.	.	.	.	rs71231122	0.0	.	.	.	.	.	.	.	.	.	.	0.9838935	0.0	0.0	0.0	.
8	22315022	A	G	49.6	inheritance	0/1:0/0:0/1	0	splice_region_variant	PIWIL2:ENST00000356766.11:c.2092-7A>G:p.?	PIWIL2	0.808398	.	.	.	.	rs201716037	0.01997	0.01997	.	.	.	.	.	.	0.0015011409	.	.	0.80619127	0.0	0.0	0.0	.
1	146344411	T	A	44.1	inheritance	0/1:0/0:0/1	0	missense_variant	PPIAL4H:ENST00000584068.3:c.305A>T:p.(Asn102Ile)	PPIAL4H	0.9942456	.	.	.	.	rs1427493799	0.0	.	.	.	.	.	.	.	.	.	.	0.9942456	0.0	0.0	0.0	.
19	7869534	C	G	43.7	inheritance	0/1:0/0:0/1	0	synonymous_variant	PRR36:ENST00000618550.5:c.3540G>C:p.(=)	PRR36	0.9594492	.	.	.	.	rs540887892	0.01997	0.01997	.	.	.	.	.	.	.	.	.	0.9568301	0.0	0.0	0.0	.
13	20747462	C	CTT	35.7	inheritance	1/1:0/-:1/1	0	splice_region_variant	RANP8:ENST00000444720.1:n.293-8_293-7insAA:	RANP8	0.8892612	.	.	.	.	rs60730051	0.0	.	.	.	.	.	.	.	.	.	.	0.8892612	0.0	0.0	0.0	.
17	137637	G	A	18.9	inheritance	0/1:0/0:0/1	0	missense_variant	SCGB1C2:ENST00000595228.3:c.47G>A:p.(Cys16Tyr)	SCGB1C2	0.99339306	.	.	.	.	rs1255969219	0.0	.	.	.	.	.	.	.	.	.	.	0.99339306	0.0	0.0	0.0	.
11	124649635	C	T	46.5	inheritance	0/1:0/0:0/1	0	missense_variant	SIAE:ENST00000263593.8:c.706G>A:p.(Gly236Arg)	SIAE	0.9951022	0.507	0.999975	0.992	.	rs533417722	0.01997	0.01997	.	.	.	.	.	.	0.0014983518	.	.	0.9972453	0.0	0.0	0.0	.
X	141241609	C	G	28.5	inheritance	1/1:0/1:1/1	0	missense_variant	SPANXC:ENST00000358993.3:c.202G>C:p.(Val68Leu)	SPANXC	0.76611626	.	.	.	.	rs3208371	0.0	.	.	.	.	.	.	.	.	.	.	0.76611626	0.0	0.0	0.0	.
9	66987715	G	A	30.2	inheritance	0/1:0/0:0/1	0	missense_variant	SPATA31A3:ENST00000428649.4:c.2783C>T:p.(Thr928Met)	SPATA31A3	0.97289807	.	.	.	.	rs62565523	0.0	.	.	.	.	.	.	.	.	.	.	0.97289807	0.0	0.0	0.0	.
9	66989082	C	A	18.8	inheritance	0/1:0/0:0/1	0	synonymous_variant	SPATA31A3:ENST00000428649.4:c.1416G>T:p.(=)	SPATA31A3	0.8338119	.	.	.	.	rs773528867	0.0	.	.	.	.	.	.	.	.	.	.	0.8338119	0.0	0.0	0.0	.
7	117129833	T	C	48.3	inheritance	0/1:0/0:0/1	0	synonymous_variant	ST7:ENST00000265437.9:c.435T>C:p.(=)	ST7	0.9818866	.	.	.	.	rs547128860	0.01997	0.01997	.	.	.	.	.	.	0.0015055253	.	.	0.9792063	0.0	0.0	0.0	.
16	1228996	G	A	21.5	inheritance	0/1:0/0:0/1	0	synonymous_variant	TPSB2:ENST00000606293.5:c.567C>T:p.(=)	TPSB2	0.34173614	.	.	.	.	rs1356110016	0.009498481	.	.	.	.	.	.	.	.	.	.	0.34129474	0.0	0.0	0.0	.
7	142353283	G	A	46.6	inheritance	0/1:0/0:0/1	0	missense_variant	TRBV7-2:ENST00000634605.1:c.272G>A:p.(Gly91Glu)	TRBV7-2	0.8908309	.	.	.	.	rs361383	0.0	.	.	.	.	.	.	.	.	.	.	0.8908309	0.0	0.0	0.0	.
6	112087425	A	C	48.4	inheritance	0/1:0/0:0/1	0	missense_variant	TUBE1:ENST00000368662.10:c.10T>G:p.(Ser4Ala)	TUBE1	0.9971816	0.872	0.999991	0.723	.	rs199513778	0.066755675	0.01997	.	.	.	.	.	.	0.013679891	.	.	0.9906486	0.0	0.0	0.0	.
2	218474816	C	T	46.2	inheritance	0/1:0/0:0/1	0	missense_variant	USP37:ENST00000258399.8:c.2113G>A:p.(Glu705Lys)	USP37	0.9959262	0.448	0.999993	0.981	.	rs529125220	0.01997	0.01997	.	.	.	.	.	.	0.00149979	.	.	0.99726325	0.0	0.0	0.0	.
20	298046	C	CCGG	31.0	inheritance	0/1:0/0:0/1	0	disruptive_inframe_insertion	ZCCHC3:ENST00000500893.4:c.471_473dup:p.(Ala158dup)	ZCCHC3	0.967566	.	.	.	.	rs5839847	0.0	.	.	.	.	.	.	.	.	.	.	0.967566	0.0	0.0	0.0	.
3	28413268	G	C	46.4	inheritance	0/1:0/0:0/1	0	missense_variant	ZCWPW2:ENST00000383768.7:c.200G>C:p.(Arg67Thr)	ZCWPW2	0.98862374	0.272	.	0.816	.	rs374756161	0.03994	0.03994	0.0233	.	.	0.00873515	.	.	0.004499775	.	.	0.983172	0.0	0.0	0.0	.
4	130852	C	T	45.9	inheritance	0/1:0/0:0/1	0	missense_variant	ZNF718:ENST00000510175.6:c.68C>T:p.(Thr23Ile)	ZNF718	0.8544206	.	.	.	.	rs1482910683	0.0	.	.	.	.	.	.	.	.	.	.	0.8544206	0.0	0.0	0.0	.
4	131416	G	C	42.6	inheritance	0/1:0/0:0/1	0	missense_variant	ZNF718:ENST00000510175.6:c.137G>C:p.(Ser46Thr)	ZNF718	0.8861849	.	.	.	.	rs1280682274	0.0	.	.	.	.	.	.	.	.	.	.	0.8861849	0.0	0.0	0.0	.
19	11977364	A	G	52.4	inheritance	0/1:0/0:0/1	0	splice_region_variant	ZNF763:ENST00000343949.9:c.140-7A>G:p.?	ZNF763	0.12923694	.	.	.	.	rs562370017	0.01997	0.01997	.	.	.	0.008638563	.	.	0.0014992055	.	.	0.7978162	0.0	0.0	0.0	.
19	52956082	C	T	49.2	inheritance	0/1:0/0:0/1	0	missense_variant	ZNF816:ENST00000270457.8:c.8G>A:p.(Arg3His)	ZNF816	0.17605162	.	.	1.0	.	rs535358313	0.028636884	0.01997	.	.	.	.	.	.	0.0015023135	.	.	0.9960685	0.0	0.0	0.0	.
19	12075835	T	A	46.7	inheritance	0/1:0/0:0/1	0	missense_variant	ZNF844:ENST00000439326.8:c.715T>A:p.(Ser239Thr)	ZNF844	2.3025274E-4	0.02	.	0.704	.	rs554342006	0.01997	0.01997	.	.	.	0.0109218	.	.	0.0017461759	.	.	0.7020782	0.0	0.0	0.0	.
